﻿<?xml version="1.0" encoding="UTF-8"?>
<addon id="repository.mytv"
       name="myTV Repository"
       version="1.0.0"
       provider-name="Debe2025">

    <extension point="xbmc.addon.repository" name="myTV Repository">
        <dir>
            <info compressed="false">
                https://Debe2025.github.io/myTV/addons.xml
            </info>
            <checksum>
                https://Debe2025.github.io/myTV/addons.xml.md5
            </checksum>
            <datadir zip="true">
                https://Debe2025.github.io/myTV/zips/
            </datadir>
        </dir>
    </extension>

    <extension point="xbmc.addon.metadata">
        <summary lang="en">myTV IPTV Repository</summary>
        <description lang="en">
            Auto-updating IPTV for Canada – 1644 channels. EPG via epg-fetcher.
        </description>
        <platform>all</platform>
    </extension>

</addon>
